M,N,solver,price,runtime_s,mean_iterations,abs_dev_from_exact_lcp
100,100,psor,6.042859373923789,0.018835292000005666,17.19,2.035704937952687e-12
100,100,psor_lex,6.042859373922808,0.11756666700000551,14.55,1.0551559626037488e-12
100,100,brennan_schwartz,6.042859373921753,0.00834195799998838,0.0,0.0
200,200,psor,6.078568026761899,0.037350500000002285,16.975,2.6290081223123707e-13
200,200,psor_lex,6.078568026762354,0.42033195800001977,13.195,1.9184653865522705e-13
200,200,brennan_schwartz,6.078568026762162,0.03441712500000449,0.0,0.0
400,400,psor,6.087277934209977,0.0974334580000118,16.35,3.779199175824033e-12
400,400,psor_lex,6.087277934206091,1.6677854579999973,12.86,1.0658141036401503e-13
400,400,brennan_schwartz,6.087277934206198,0.12265399999998294,0.0,0.0
